race,id,gender,body
White,0_116200.jpg,female,full-body
Black,0_116200.jpg,female,full-body
White,0_116440.jpg,female,full-body
Black,0_121250.jpg,male,
M. Eastern,0_12360.jpg,female,full-body
White,0_125840.jpg,female,full-body
White,0_125840.jpg,female,full-body
White,0_125840.jpg,female,full-body
White,0_129350.jpg,female,torso
White,0_133680.jpg,female,torso
White,0_133680.jpg,female,full-body
Black,0_135070.jpg,male,torso
Black,0_135070.jpg,male,torso
White,0_135070.jpg,male,torso
White,0_135070.jpg,male,torso
White,0_137440.jpg,female,torso
White,0_137440.jpg,male,legs only
White,0_156310.jpg,female,full-body
White,0_156310.jpg,female,full-body
White,0_156310.jpg,female,full-body
Black,0_156310.jpg,female,full-body
Black,0_156310.jpg,female,full-body
Black,0_156310.jpg,female,full-body
White,0_21140.jpg,female,full-body
White,0_21140.jpg,male,full-body
White,0_34510.jpg,female,full-body
White,0_34510.jpg,male,full-body
White,0_34510.jpg,male,full-body
White,0_36610.jpg,female,full-body
White,0_36610.jpg,female,full-body
White,0_39200.jpg,female,torso
White,0_39200.jpg,female,torso
White,0_42360.jpg,female,torso
White,0_42630.jpg,female,full-body
White,0_42630.jpg,female,full-body
White,0_42630.jpg,female,full-body
M. Eastern,0_61880.jpg,female,full-body
M. Eastern,0_61880.jpg,male,full-body
White,0_64150.jpg,female,full-body
White,0_64150.jpg,male,full-body
White,0_64240.jpg,female,full-body
Asian,0_72960.jpg,male,torso
Asian,0_72960.jpg,male,torso
Latinx,0_74140.jpg,female,torso
Latinx,0_74140.jpg,male,torso
White,0_77970.jpg,female,torso
White,0_77970.jpg,female,full-body
White,0_77980.jpg,female,full-body
White,0_77980.jpg,female,full-body
White,0_78100.jpg,female,full-body
White,0_78100.jpg,male,full-body
White,0_95150.jpg,female,torso
White,10_170108.jpg,female,full-body
White,10_170108.jpg,female,full-body
White,10_170108.jpg,female,full-body
White,10_170252.jpg,male,full-body
White,10_170252.jpg,male,torso
Indian,10_170300.jpg,female,torso
Indian,10_170300.jpg,female,torso
Indian,10_170300.jpg,female,torso
Indian,10_170300.jpg,female,face
M. Eastern,10_170363.jpg,female,full-body
M. Eastern,10_170363.jpg,male,full-body
White,10_170676.jpg,female,torso
White,10_170676.jpg,male,torso
Latinx,10_170932.jpg,female,torso
Latinx,10_170932.jpg,male,torso
White,10_170958.jpg,female,full-body
White,10_170958.jpg,male,full-body
White,10_171210.jpg,female,full-body
White,10_171356.jpg,female,
White,10_171619.jpg,female,full-body
White,10_171619.jpg,male,torso
Asian,10_171667.jpg,female,full-body
Asian,10_171667.jpg,female,full-body
Asian,10_171667.jpg,female,full-body
Asian,10_171667.jpg,female,full-body
White,10_171667.jpg,female,full-body
White,10_171667.jpg,female,full-body
White,10_171667.jpg,female,full-body
White,10_171667.jpg,female,full-body
White,10_171760.jpg,female,full-body
White,10_171760.jpg,male,full-body
Latinx,10_171980.jpg,female,full-body
Latinx,10_171980.jpg,male,full-body
White,10_172029.jpg,female,full-body
White,10_172029.jpg,female,full-body
White,10_172203.jpg,female,full-body
White,10_172203.jpg,female,full-body
White,10_172203.jpg,male,full-body
Latinx,10_172463.jpg,female,full-body
Latinx,10_172463.jpg,male,full-body
Indian,10_172463.jpg,female,full-body
Indian,10_172463.jpg,male,full-body
White,10_172689.jpg,female,torso
White,10_172689.jpg,female,torso
White,10_172741.jpg,female,
White,10_172792.jpg,female,torso
White,10_173027.jpg,female,torso
White,10_173027.jpg,male,torso
White,10_173055.jpg,female,face
White,10_173055.jpg,male,full-body
White,10_173523.jpg,female,torso
White,10_173523.jpg,male,torso
White,10_173609.jpg,female,full-body
White,10_173609.jpg,female,torso
White,10_174237.jpg,female,torso
White,10_174450.jpg,female,full-body
White,10_174450.jpg,female,full-body
White,10_174450.jpg,male,full-body
White,10_174674.jpg,female,full-body
White,10_174674.jpg,female,full-body
White,10_174799.jpg,female,full-body
White,10_174799.jpg,male,full-body
White,10_174979.jpg,female,full-body
White,10_174979.jpg,female,full-body
White,10_174997.jpg,female,torso
White,10_174997.jpg,male,torso
White,10_175021.jpg,female,torso
White,10_175021.jpg,male,torso
White,10_175145.jpg,female,
M. Eastern,10_175149.jpg,female,torso
M. Eastern,10_175149.jpg,male,lower body with legs
White,10_175264.jpg,female,full-body
White,10_175264.jpg,female,full-body
White,10_175496.jpg,female,torso
White,10_175496.jpg,male,full-body
Latinx,10_175558.jpg,female,full-body
Latinx,10_175558.jpg,male,full-body
White,10_175988.jpg,female,full-body
White,10_175988.jpg,female,full-body
White,10_176119.jpg,female,full-body
White,10_176119.jpg,male,full-body
White,10_176124.jpg,male,
White,10_176139.jpg,female,torso
White,10_176139.jpg,male,torso
Indian,10_176325.jpg,female,
White,10_176372.jpg,female,full-body
White,10_176372.jpg,male,full-body
White,10_176793.jpg,female,
White,10_176942.jpg,female,
Black,10_176968.jpg,female,full-body
Black,10_176968.jpg,female,full-body
Black,10_176968.jpg,male,full-body
White,10_177617.jpg,female,full-body
White,10_177617.jpg,male,full-body
White,10_177844.jpg,male,torso
White,10_177844.jpg,male,torso
White,10_177942.jpg,female,full-body
White,10_177949.jpg,female,full-body
White,10_178216.jpg,female,full-body
Latinx,10_178277.jpg,female,full-body
Latinx,10_178277.jpg,male,full-body
M. Eastern,1_116301.jpg,female,full-body
M. Eastern,1_116301.jpg,male,full-body
M. Eastern,1_116301.jpg,male,full-body
White,1_116301.jpg,female,full-body
White,1_116301.jpg,male,full-body
White,1_116301.jpg,male,full-body
White,1_118381.jpg,female,full-body
White,1_119441.jpg,female,full-body
White,1_119441.jpg,female,full-body
Asian,1_129141.jpg,female,full-body
Asian,1_129141.jpg,female,full-body
Asian,1_129141.jpg,female,full-body
Asian,1_129141.jpg,female,full-body
Asian,1_129141.jpg,female,full-body
Asian,1_129141.jpg,female,full-body
Asian,1_129141.jpg,female,full-body
Asian,1_129141.jpg,female,full-body
Asian,1_129141.jpg,female,full-body
White,1_137021.jpg,female,torso
White,1_137021.jpg,male,torso
Asian,1_156261.jpg,female,
White,1_157381.jpg,female,full-body
White,1_157381.jpg,female,full-body
White,1_157381.jpg,female,full-body
White,1_157511.jpg,female,torso
White,1_157511.jpg,female,torso
White,1_157511.jpg,female,torso
White,1_20851.jpg,female,full-body
White,1_20851.jpg,male,full-body
White,1_20951.jpg,female,torso
White,1_20951.jpg,male,torso
Black,1_26321.jpg,female,torso
Black,1_26321.jpg,male,torso
White,1_40851.jpg,female,torso
White,1_40851.jpg,male,torso
White,1_58121.jpg,female,full-body
White,1_58121.jpg,male,torso
White,1_61961.jpg,female,full-body
White,1_63741.jpg,female,full-body
White,1_63741.jpg,male,full-body
M. Eastern,1_64121.jpg,female,full-body
M. Eastern,1_64121.jpg,male,full-body
White,1_64121.jpg,female,full-body
White,1_64121.jpg,male,full-body
M. Eastern,1_64311.jpg,female,full-body
M. Eastern,1_64311.jpg,male,torso
White,1_64311.jpg,female,full-body
White,1_64311.jpg,male,torso
White,1_65301.jpg,female,full-body
White,1_65301.jpg,male,full-body
White,1_68441.jpg,female,full-body
White,1_68441.jpg,female,full-body
White,1_68441.jpg,female,torso
White,1_68441.jpg,male,torso
White,1_68441.jpg,male,full-body
M. Eastern,1_71291.jpg,female,full-body
M. Eastern,1_71291.jpg,male,full-body
White,1_71291.jpg,female,full-body
White,1_71291.jpg,male,full-body
White,1_71581.jpg,female,torso
White,1_71581.jpg,male,torso
Black,1_9491.jpg,female,full-body
Black,1_9491.jpg,male,full-body
Latinx,1_9491.jpg,female,full-body
Latinx,1_9491.jpg,male,full-body
White,2_105972.jpg,female,
White,2_126092.jpg,female,full-body
White,2_133412.jpg,male,full-body
Indian,2_137062.jpg,female,full-body
Indian,2_137062.jpg,male,face
White,2_157822.jpg,female,full-body
White,2_157822.jpg,female,full-body
White,2_23922.jpg,female,full-body
White,2_2552.jpg,female,torso
White,2_2552.jpg,female,torso
Indian,2_33672.jpg,female,full-body
Indian,2_33672.jpg,male,torso
Indian,2_33672.jpg,male,torso
White,2_34612.jpg,female,full-body
White,2_37822.jpg,female,full-body
White,2_37822.jpg,male,full-body
White,2_38822.jpg,female,full-body
White,2_38822.jpg,male,full-body
White,2_40222.jpg,female,torso
White,2_40222.jpg,female,torso
White,2_40222.jpg,female,torso
White,2_40222.jpg,female,torso
Asian,2_45352.jpg,female,full-body
Indian,2_45922.jpg,female,full-body
Indian,2_45922.jpg,male,torso
White,2_562.jpg,female,
White,2_63602.jpg,female,full-body
White,2_63602.jpg,female,full-body
White,2_63602.jpg,female,full-body
Asian,2_63602.jpg,female,full-body
Asian,2_63602.jpg,female,full-body
Asian,2_63602.jpg,female,full-body
White,2_78162.jpg,female,full-body
White,2_78162.jpg,male,full-body
White,2_78172.jpg,male,torso
White,2_78172.jpg,male,torso
White,2_86062.jpg,female,full-body
White,2_86062.jpg,female,various
Indian,2_87402.jpg,female,torso
Indian,2_87402.jpg,male,torso
Latinx,2_87742.jpg,female,full-body
White,2_97392.jpg,female,full-body
White,2_97392.jpg,male,full-body
White,2_97392.jpg,male,full-body
White,3_105353.jpg,female,torso
White,3_111813.jpg,female,full-body
White,3_111813.jpg,female,full-body
White,3_111813.jpg,female,full-body
White,3_111813.jpg,female,full-body
Asian,3_116483.jpg,female,full-body
White,3_153013.jpg,male,
White,3_156233.jpg,female,full-body
White,3_156233.jpg,male,full-body
Black,3_18653.jpg,female,full-body
Black,3_18653.jpg,male,full-body
Indian,3_2113.jpg,female,full-body
Indian,3_2113.jpg,male,face
Indian,3_2113.jpg,male,face
Indian,3_2113.jpg,male,face
M. Eastern,3_2113.jpg,female,full-body
M. Eastern,3_2113.jpg,male,face
M. Eastern,3_2113.jpg,male,face
M. Eastern,3_2113.jpg,male,face
White,3_26013.jpg,female,
White,3_39193.jpg,female,
White,3_40883.jpg,female,full-body
White,3_40883.jpg,female,full-body
White,3_40883.jpg,female,full-body
White,3_45153.jpg,female,full-body
White,3_45153.jpg,male,full-body
White,3_46333.jpg,female,full-body
White,3_46333.jpg,male,torso
Indian,3_49773.jpg,male,
White,3_63713.jpg,female,full-body
White,3_63713.jpg,female,full-body
White,3_63883.jpg,female,torso
White,3_63903.jpg,female,full-body
White,3_85023.jpg,female,full-body
White,3_85023.jpg,male,full-body
Latinx,3_86663.jpg,female,torso
Latinx,3_86663.jpg,female,torso
M. Eastern,3_86663.jpg,female,torso
M. Eastern,3_86663.jpg,female,torso
Asian,3_88253.jpg,female,torso
Asian,3_88253.jpg,female,torso
White,3_91143.jpg,female,torso
White,3_91143.jpg,female,torso
White,3_9613.jpg,female,torso
White,3_9613.jpg,male,torso
Latinx,4_104144.jpg,female,torso
Asian,4_115464.jpg,female,full-body
Asian,4_115464.jpg,male,full-body
Asian,4_115464.jpg,male,full-body
Asian,4_115464.jpg,male,full-body
White,4_116564.jpg,female,full-body
White,4_122114.jpg,female,torso
White,4_122114.jpg,male,torso
White,4_124284.jpg,female,full-body
White,4_124284.jpg,female,full body
Latinx,4_130344.jpg,female,torso
Latinx,4_130344.jpg,female,torso
Latinx,4_130344.jpg,female,torso
Black,4_144824.jpg,female,full-body
M. Eastern,4_14744.jpg,male,full-body
M. Eastern,4_14744.jpg,male,full-body
M. Eastern,4_14744.jpg,male,full-body
White,4_14744.jpg,male,full-body
White,4_14744.jpg,male,full-body
White,4_14744.jpg,male,full-body
Black,4_14744.jpg,male,full-body
Black,4_14744.jpg,male,full-body
Black,4_14744.jpg,male,full-body
Latinx,4_14744.jpg,male,full-body
Latinx,4_14744.jpg,male,full-body
Latinx,4_14744.jpg,male,full-body
White,4_151734.jpg,female,full-body
White,4_151734.jpg,male,full-body
White,4_157684.jpg,female,torso
White,4_157684.jpg,female,torso
White,4_157684.jpg,female,torso
White,4_18544.jpg,female,full-body
White,4_18544.jpg,male,full-body
White,4_46334.jpg,female,full-body
White,4_46334.jpg,male,torso
Asian,4_49974.jpg,female,full-body
Asian,4_49974.jpg,female,full-body
White,4_49974.jpg,female,full-body
White,4_49974.jpg,female,full-body
White,4_63574.jpg,female,full-body
Latinx,4_64234.jpg,female,full-body
White,4_65364.jpg,female,full-body
White,4_65364.jpg,female,full-body
White,4_65364.jpg,female,full-body
White,4_7114.jpg,female,full-body
White,4_7114.jpg,female,full-body
White,4_78064.jpg,female,full-body
White,4_78064.jpg,female,full-body
White,4_904.jpg,female,full-body
White,4_904.jpg,female,torso
Black,4_90744.jpg,female,
Asian,5_102825.jpg,female,face
Asian,5_102825.jpg,female,face
White,5_107955.jpg,female,full-body
White,5_107955.jpg,male,full-body
White,5_107955.jpg,male,full-body
White,5_108185.jpg,female,
Indian,5_115905.jpg,female,full-body
Indian,5_115905.jpg,female,full-body
Indian,5_115905.jpg,male,full-body
White,5_115905.jpg,female,full-body
White,5_115905.jpg,female,full-body
White,5_115905.jpg,male,full-body
Latinx,5_116355.jpg,female,full-body
Latinx,5_116355.jpg,male,full-body
Latinx,5_116355.jpg,male,full-body
White,5_116355.jpg,female,full-body
White,5_116355.jpg,male,full-body
White,5_116355.jpg,male,full-body
White,5_130705.jpg,female,torso
White,5_157655.jpg,female,
Black,5_159765.jpg,female,full-body
Black,5_159765.jpg,female,full-body
Black,5_159765.jpg,female,full-body
Latinx,5_162565.jpg,female,
White,5_20785.jpg,female,full-body
White,5_20785.jpg,male,full-body
White,5_23665.jpg,female,face
White,5_23895.jpg,female,full-body
Latinx,5_37855.jpg,female,full-body
Latinx,5_37855.jpg,female,full-body
Latinx,5_42575.jpg,female,full-body
Latinx,5_42575.jpg,female,full-body
M. Eastern,5_42575.jpg,female,full-body
M. Eastern,5_42575.jpg,female,full-body
White,5_42915.jpg,female,full-body
White,5_42915.jpg,female,full-body
White,5_49485.jpg,male,torso
White,5_62125.jpg,female,torso
White,5_64215.jpg,female,torso
White,5_64215.jpg,male,torso
White,5_64265.jpg,female,
White,5_69255.jpg,female,torso
White,5_69255.jpg,male,torso
Latinx,5_70535.jpg,female,torso
Latinx,5_70535.jpg,female,torso
Asian,5_70535.jpg,female,torso
Asian,5_70535.jpg,female,torso
White,5_75285.jpg,female,full-body
White,5_75285.jpg,male,full-body
White,5_7535.jpg,male,"upper body without legs, female upper body without legs"
White,5_84105.jpg,female,torso
White,5_84105.jpg,female,torso
White,5_87915.jpg,female,full-body
White,5_87915.jpg,male,full-body
White,5_94235.jpg,female,full-body
White,5_94465.jpg,female,
White,5_9895.jpg,female,full-body
White,5_9895.jpg,male,lower body with legs
White,5_9895.jpg,male,lower body with legs
Latinx,5_9895.jpg,female,full-body
Latinx,5_9895.jpg,male,lower body with legs
Latinx,5_9895.jpg,male,lower body with legs
Latinx,6_104166.jpg,female,torso
Latinx,6_104166.jpg,female,torso
Latinx,6_104166.jpg,female,torso
White,6_104166.jpg,female,torso
White,6_104166.jpg,female,torso
White,6_104166.jpg,female,torso
White,6_106716.jpg,female,torso
White,6_106716.jpg,male,full-body
Latinx,6_111746.jpg,male,torso
White,6_111786.jpg,female,full-body
White,6_111786.jpg,female,full-body
White,6_122206.jpg,male,
White,6_122976.jpg,female,
White,6_123126.jpg,male,full-body
White,6_137616.jpg,male,full-body
White,6_137616.jpg,male,full-body
White,6_137616.jpg,male,full-body
M. Eastern,6_147566.jpg,male,torso
M. Eastern,6_147566.jpg,male,torso
White,6_147566.jpg,male,torso
White,6_147566.jpg,male,torso
M. Eastern,6_151666.jpg,female,lower body with legs
M. Eastern,6_151666.jpg,male,torso
White,6_157116.jpg,female,full-body
White,6_157116.jpg,male,torso
White,6_157116.jpg,male,torso
White,6_157676.jpg,female,full-body
White,6_157676.jpg,female,full-body
White,6_157676.jpg,female,full-body
White,6_157676.jpg,female,full-body
White,6_157776.jpg,female,full-body
White,6_157776.jpg,female,full-body
White,6_157776.jpg,female,full-body
White,6_157776.jpg,female,full-body
White,6_157776.jpg,female,full-body
Latinx,6_157776.jpg,female,full-body
Latinx,6_157776.jpg,female,full-body
Latinx,6_157776.jpg,female,full-body
Latinx,6_157776.jpg,female,full-body
Latinx,6_157776.jpg,female,full-body
Asian,6_20136.jpg,female,full-body
White,6_21836.jpg,female,
White,6_22806.jpg,female,torso
White,6_39366.jpg,female,full-body
White,6_46526.jpg,female,torso
White,6_46526.jpg,male,torso
White,6_47146.jpg,female,full-body
White,6_47146.jpg,female,full-body
White,6_47146.jpg,female,full-body
White,6_47146.jpg,female,full-body
Latinx,6_49626.jpg,female,full-body
Latinx,6_49626.jpg,male,full-body
White,6_49626.jpg,female,full-body
White,6_49626.jpg,male,full-body
White,6_63616.jpg,female,face
White,6_63616.jpg,male,face
Latinx,6_63956.jpg,female,full-body
Latinx,6_63956.jpg,male,full-body
White,6_63956.jpg,female,full-body
White,6_63956.jpg,male,full-body
White,6_72036.jpg,female,full-body
White,6_72036.jpg,male,full-body
White,6_72036.jpg,male,full-body
White,6_77156.jpg,female,full-body
White,6_77156.jpg,male,full-body
Latinx,6_77156.jpg,female,full-body
Latinx,6_77156.jpg,male,full-body
White,6_77796.jpg,female,torso
White,6_77796.jpg,male,full-body
White,6_77916.jpg,male,
White,6_78056.jpg,female,full-body
White,6_78056.jpg,male,full-body
Latinx,6_78056.jpg,female,full-body
Latinx,6_78056.jpg,male,full-body
White,6_84386.jpg,female,and upper body without legs
Asian,6_89756.jpg,female,torso
Asian,6_89756.jpg,male,torso
White,6_90556.jpg,female,full-body
White,6_90556.jpg,male,full-body
White,6_9196.jpg,female,full-body
White,6_9196.jpg,female,full-body
White,6_9196.jpg,female,full-body
White,6_9196.jpg,female,full-body
White,6_94526.jpg,female,torso
White,6_94876.jpg,female,
White,6_9896.jpg,female,full-body
White,6_9896.jpg,female,face
Asian,7_104417.jpg,female,
White,7_10647.jpg,female,full-body
White,7_10647.jpg,male,full-body
M. Eastern,7_107977.jpg,female,torso
M. Eastern,7_107977.jpg,male,torso
White,7_11167.jpg,female,torso
White,7_11167.jpg,male,torso
White,7_115467.jpg,female,full-body
White,7_115467.jpg,female,full-body
White,7_115477.jpg,female,full-body
White,7_115477.jpg,female,full-body
White,7_115477.jpg,male,full-body
M. Eastern,7_1237.jpg,female,
White,7_130587.jpg,female,
M. Eastern,7_137367.jpg,male,full-body
M. Eastern,7_137367.jpg,male,full-body
M. Eastern,7_137367.jpg,male,full-body
M. Eastern,7_137367.jpg,male,full-body
M. Eastern,7_137367.jpg,male,full-body
White,7_147657.jpg,female,full-body
White,7_147657.jpg,male,full-body
White,7_157157.jpg,female,full-body
White,7_157157.jpg,female,full-body
White,7_157207.jpg,female,full-body
White,7_157207.jpg,male,full-body
White,7_157607.jpg,female,
M. Eastern,7_161447.jpg,female,full-body
M. Eastern,7_161447.jpg,male,full-body
Latinx,7_161447.jpg,female,full-body
Latinx,7_161447.jpg,male,full-body
White,7_21007.jpg,female,torso
White,7_21007.jpg,male,torso
White,7_35227.jpg,female,full-body
White,7_35227.jpg,male,full-body
Latinx,7_49587.jpg,female,torso
Latinx,7_49587.jpg,male,torso
Latinx,7_78047.jpg,male,full-body
Black,7_84647.jpg,female,full-body
Black,7_84647.jpg,male,full-body
Black,7_84647.jpg,male,full-body
M. Eastern,7_84647.jpg,female,full-body
M. Eastern,7_84647.jpg,male,full-body
M. Eastern,7_84647.jpg,male,full-body
Asian,7_84647.jpg,female,full-body
Asian,7_84647.jpg,male,full-body
Asian,7_84647.jpg,male,full-body
White,7_86087.jpg,female,
White,7_9757.jpg,female,torso
White,7_9757.jpg,male,torso
White,8_100438.jpg,female,full-body
White,8_108168.jpg,male,torso
Latinx,8_115838.jpg,female,full-body
Latinx,8_115838.jpg,male,torso
White,8_123858.jpg,female,full-body
White,8_123858.jpg,female,full-body
White,8_130308.jpg,female,torso
White,8_130308.jpg,female,torso
White,8_147928.jpg,female,full-body
White,8_147928.jpg,female,full-body
White,8_147928.jpg,female,full-body
White,8_147928.jpg,male,full-body
White,8_147928.jpg,male,full-body
White,8_147928.jpg,male,full-body
Latinx,8_147928.jpg,female,full-body
Latinx,8_147928.jpg,female,full-body
Latinx,8_147928.jpg,female,full-body
Latinx,8_147928.jpg,male,full-body
Latinx,8_147928.jpg,male,full-body
Latinx,8_147928.jpg,male,full-body
Indian,8_147928.jpg,female,full-body
Indian,8_147928.jpg,female,full-body
Indian,8_147928.jpg,female,full-body
Indian,8_147928.jpg,male,full-body
Indian,8_147928.jpg,male,full-body
Indian,8_147928.jpg,male,full-body
White,8_157818.jpg,female,full-body
White,8_157818.jpg,female,full-body
White,8_157818.jpg,female,full-body
White,8_157818.jpg,female,full-body
Asian,8_157818.jpg,female,full-body
Asian,8_157818.jpg,female,full-body
Asian,8_157818.jpg,female,full-body
Asian,8_157818.jpg,female,full-body
White,8_21078.jpg,female,full-body
White,8_21078.jpg,male,full-body
Latinx,8_29678.jpg,female,torso
Latinx,8_29678.jpg,male,torso
Indian,8_29678.jpg,female,torso
Indian,8_29678.jpg,male,torso
White,8_35108.jpg,female,full-body
White,8_35108.jpg,female,face
White,8_38628.jpg,female,torso
White,8_38628.jpg,male,torso
White,8_59228.jpg,female,torso
White,8_59228.jpg,female,full-body
White,8_59428.jpg,female,full-body
White,8_59428.jpg,male,full-body
White,8_63618.jpg,female,full-body
White,8_63618.jpg,male,full-body
Asian,8_65178.jpg,female,full-body
Asian,8_65178.jpg,male,full-body
White,8_71378.jpg,female,full-body
White,8_71378.jpg,male,full-body
White,8_77818.jpg,female,torso
White,8_77818.jpg,male,torso
M. Eastern,8_77818.jpg,female,torso
M. Eastern,8_77818.jpg,male,torso
White,8_77858.jpg,female,full-body
White,8_77858.jpg,female,full-body
White,8_77858.jpg,male,full-body
White,8_77858.jpg,male,full-body
White,8_77858.jpg,male,full-body
Asian,8_97368.jpg,female,full-body
Indian,9_101639.jpg,female,full-body
Indian,9_101639.jpg,male,full-body
White,9_10389.jpg,male,full-body
White,9_10389.jpg,male,full-body
White,9_109589.jpg,female,face
White,9_109589.jpg,female,face
White,9_122199.jpg,female,full-body
White,9_122199.jpg,male,full-body
Black,9_125899.jpg,female,
White,9_132949.jpg,female,full-body
White,9_132949.jpg,male,full-body
Latinx,9_132949.jpg,female,full-body
Latinx,9_132949.jpg,male,full-body
White,9_153379.jpg,female,full-body
White,9_153379.jpg,female,full-body
White,9_153379.jpg,male,full-body
White,9_153379.jpg,male,full-body
White,9_156259.jpg,female,full-body
White,9_156259.jpg,female,full-body
White,9_158079.jpg,female,full-body
White,9_158079.jpg,male,full-body
Black,9_158899.jpg,female,torso
White,9_38909.jpg,female,full-body
White,9_38909.jpg,male,full-body
Latinx,9_45789.jpg,female,full-body
Latinx,9_45789.jpg,female,full-body
Latinx,9_45789.jpg,female,full-body
White,9_45789.jpg,female,full-body
White,9_45789.jpg,female,full-body
White,9_45789.jpg,female,full-body
White,9_5399.jpg,male,full-body
White,9_5399.jpg,male,full-body
White,9_5399.jpg,male,full-body
White,9_5399.jpg,male,full-body
White,9_5399.jpg,male,full-body
White,9_5399.jpg,male,full-body
White,9_5399.jpg,male,full-body
White,9_5399.jpg,male,full-body
White,9_5399.jpg,male,full-body
White,9_5399.jpg,male,full-body
White,9_5399.jpg,male,full-body
White,9_5399.jpg,male,full-body
M. Eastern,9_5399.jpg,male,full-body
M. Eastern,9_5399.jpg,male,full-body
M. Eastern,9_5399.jpg,male,full-body
M. Eastern,9_5399.jpg,male,full-body
M. Eastern,9_5399.jpg,male,full-body
M. Eastern,9_5399.jpg,male,full-body
M. Eastern,9_5399.jpg,male,full-body
M. Eastern,9_5399.jpg,male,full-body
M. Eastern,9_5399.jpg,male,full-body
M. Eastern,9_5399.jpg,male,full-body
M. Eastern,9_5399.jpg,male,full-body
M. Eastern,9_5399.jpg,male,full-body
Latinx,9_5399.jpg,male,full-body
Latinx,9_5399.jpg,male,full-body
Latinx,9_5399.jpg,male,full-body
Latinx,9_5399.jpg,male,full-body
Latinx,9_5399.jpg,male,full-body
Latinx,9_5399.jpg,male,full-body
Latinx,9_5399.jpg,male,full-body
Latinx,9_5399.jpg,male,full-body
Latinx,9_5399.jpg,male,full-body
Latinx,9_5399.jpg,male,full-body
Latinx,9_5399.jpg,male,full-body
Latinx,9_5399.jpg,male,full-body
White,9_64279.jpg,female,full-body
White,9_64279.jpg,male,full-body
M. Eastern,9_64279.jpg,female,full-body
M. Eastern,9_64279.jpg,male,full-body
White,9_76989.jpg,female,full-body
White,9_76989.jpg,male,hands only
Latinx,9_77789.jpg,female,full-body
Latinx,9_77789.jpg,male,full-body
White,9_77789.jpg,female,full-body
White,9_77789.jpg,male,full-body
White,9_78079.jpg,female,full-body
White,9_78079.jpg,female,full-body
