image_source,year,predicted_ethnicity
Apr.jpg_0.jpg,1970,6
Aug.jpg_0.jpg,1970,6
Dec.jpg_0.jpg,1970,6
Feb.jpg_0.jpg,1970,6
Jan.jpg_0.jpg,1970,6
Jul.jpg_0.jpg,1970,6
June.jpg_0.jpg,1970,6
Mar.jpg_0.jpg,1970,6
May.jpg_0.jpg,1970,6
Nov.jpg_0.jpg,1970,6
Oct.jpg_0.jpg,1970,6
Sep.jpg_0.jpg,1970,6
Apr.jpg_0.jpg,1971,6
Aug.jpg_0.jpg,1971,6
Dec.jpg_0.jpg,1971,6
Feb.jpg_0.jpg,1971,6
Jan.jpg_0.jpg,1971,6
Jul.jpg_0.jpg,1971,6
Jun.jpg_0.jpg,1971,6
Mar.jpg_0.jpg,1971,6
May.jpg_0.jpg,1971,6
Nov.jpg_0.jpg,1971,6
Oct.jpg_0.jpg,1971,6
Sep.jpg_0.jpg,1971,6
Apr.jpg_0.jpg,1972,6
Aug.jpg_0.jpg,1972,6
Dec.jpg_0.jpg,1972,6
Feb.jpg_0.jpg,1972,6
Jan.jpg_0.jpg,1972,6
Jul.jpg_0.jpg,1972,6
Jun.jpg_0.jpg,1972,6
Mar.jpg_0.jpg,1972,6
May.jpg_0.jpg,1972,6
Nov.jpg_0.jpg,1972,6
Oct.jpg_0.jpg,1972,6
Sep.jpg_0.jpg,1972,6
Apr.jpg_0.jpg,1973,6
Aug.jpg_0.jpg,1973,6
Dec.jpg_0.jpg,1973,6
Feb.jpg_0.jpg,1973,6
Jan.jpg_0.jpg,1973,6
Jul.jpg_0.jpg,1973,6
Jun.jpg_0.jpg,1973,6
Mar.jpg_0.jpg,1973,6
May.jpg_0.jpg,1973,6
Nov.jpg_0.jpg,1973,6
Oct.jpg_0.jpg,1973,6
Sep.jpg_0.jpg,1973,6
Apr.jpg_0.jpg,1974,6
Aug.jpg_0.jpg,1974,6
Dec.jpg_0.jpg,1974,6
Feb.jpg_0.jpg,1974,6
Jan.jpg_0.jpg,1974,6
Jul.jpg_0.jpg,1974,6
Jun.jpg_0.jpg,1974,6
MAr.jpg_0.jpg,1974,6
May.jpg_0.jpg,1974,4
Nov.jpg_0.jpg,1974,6
Oct.jpg_0.jpg,1974,6
Sep.jpg_0.jpg,1974,6
Apr.jpg_0.jpg,1975,6
Aug.jpg_0.jpg,1975,6
Dec.jpg_0.jpg,1975,6
Feb.jpg_0.jpg,1975,6
Jan.jpg_0.jpg,1975,6
Jul.jpg_0.jpg,1975,6
Jun.jpg_0.jpg,1975,0
Mar.jpg_0.jpg,1975,6
May.jpg_0.jpg,1975,6
Nov.jpg_0.jpg,1975,6
Oct.jpg_0.jpg,1975,6
Sep.jpg_0.jpg,1975,6
Apr.jpg_0.jpg,1976,6
Aug.jpg_0.jpg,1976,6
Dec.jpg_0.jpg,1976,6
Feb.jpg_0.jpg,1976,6
Jan.jpg_0.jpg,1976,6
Jul.jpg_0.jpg,1976,6
Jun.jpg_0.jpg,1976,6
Mar.jpg_0.jpg,1976,6
May.jpg_0.jpg,1976,6
Nov.jpg_0.jpg,1976,6
Oct.jpg_0.jpg,1976,6
Sep.jpg_0.jpg,1976,6
Apr.jpg_0.jpg,1977,6
Aug.jpg_0.jpg,1977,6
Dec.jpg_0.jpg,1977,6
Feb.jpg_0.jpg,1977,6
Jan.jpg_0.jpg,1977,6
Jul.jpg_0.jpg,1977,6
Jun.jpg_0.jpg,1977,6
Mar.jpg_0.jpg,1977,6
May.jpg_0.jpg,1977,6
Nov.jpg_0.jpg,1977,6
Oct.jpg_0.jpg,1977,6
Sep.jpg_0.jpg,1977,6
Apr.jpg_0.jpg,1978,6
Aug.jpg_0.jpg,1978,6
Dec.jpg_0.jpg,1978,6
Feb.jpg_0.jpg,1978,6
Jan.jpg_0.jpg,1978,6
Jul.jpg_0.jpg,1978,6
Jun.jpg_0.jpg,1978,6
Mar.jpg_0.jpg,1978,6
May.jpg_0.jpg,1978,6
Nov.jpg_0.jpg,1978,6
Oct.jpg_0.jpg,1978,6
Sep.jpg_0.jpg,1978,6
Apr.jpg_0.jpg,1979,6
Aug.jpg_0.jpg,1979,6
Dec.jpg_0.jpg,1979,6
Feb.jpg_0.jpg,1979,6
Jan.jpg_0.jpg,1979,6
Jul.jpg,1979,6
Jun.jpg_0.jpg,1979,6
Mar.jpg_0.jpg,1979,6
May.jpg_0.jpg,1979,6
Nov.jpg_0.jpg,1979,6
Oct.jpg_0.jpg,1979,6
Sep.jpg_0.jpg,1979,6
256207_19801201_879274395_1.jpg_0.jpg,1980,6
Apr.jpg_0.jpg,1980,6
Aug.jpg_0.jpg,1980,6
Feb.jpg_0.jpg,1980,6
Jan.jpg_0.jpg,1980,6
Jul.jpg_0.jpg,1980,6
Jun.jpg_0.jpg,1980,6
Mar.jpg_0.jpg,1980,3
May.jpg_0.jpg,1980,6
Nov.jpg_0.jpg,1980,6
Oct.jpg_0.jpg,1980,6
Sep.jpg_0.jpg,1980,6
Apr.jpg_0.jpg,1981,6
Aug.jpg_0.jpg,1981,6
Dec.jpg_0.jpg,1981,6
Feb.jpg_0.jpg,1981,6
Jan.jpg_0.jpg,1981,2
Jul.jpg_0.jpg,1981,6
Jun.jpg_0.jpg,1981,6
Mar.jpg_0.jpg,1981,6
May.jpg_0.jpg,1981,6
Nov.jpg_0.jpg,1981,6
Oct.jpg_0.jpg,1981,6
Sep.jpg_0.jpg,1981,6
Apr.jpg_0.jpg,1982,6
Aug.jpg_0.jpg,1982,6
Dec.jpg_0.jpg,1982,3
Feb.jpg_0.jpg,1982,6
Jan.jpg_0.jpg,1982,6
Jul.jpg_0.jpg,1982,6
Jun.jpg_0.jpg,1982,6
Mar.jpg_0.jpg,1982,6
May.jpg_0.jpg,1982,6
Nov.jpg_0.jpg,1982,6
Oct.jpg_0.jpg,1982,6
Sep.jpg_0.jpg,1982,6
Apr.jpg_0.jpg,1983,6
Aug.jpg_0.jpg,1983,6
Dec.jpg_0.jpg,1983,6
Feb.jpg_0.jpg,1983,6
Jan.jpg_0.jpg,1983,6
Jul.jpg_0.jpg,1983,6
Jun.jpg_0.jpg,1983,6
Mar.jpg_0.jpg,1983,6
May.jpg_0.jpg,1983,6
Nov.jpg_0.jpg,1983,6
Oct.jpg_0.jpg,1983,6
Sept.jpg_0.jpg,1983,6
Apr.jpg_0.jpg,1984,6
Aug.jpg_0.jpg,1984,6
Dec.jpg_0.jpg,1984,6
Feb.jpg_0.jpg,1984,3
Jan.jpg_0.jpg,1984,6
Jul.jpg_0.jpg,1984,6
Jun.jpg_0.jpg,1984,6
Mar.jpg_0.jpg,1984,6
May.jpg_0.jpg,1984,6
Nov.jpg_0.jpg,1984,6
Oct.jpg_0.jpg,1984,6
Sep.jpg_0.jpg,1984,6
Apr.jpg_0.jpg,1985,6
Aug.jpg_0.jpg,1985,6
Dec.jpg_0.jpg,1985,6
Feb.jpg_0.jpg,1985,6
Jan.jpg_0.jpg,1985,6
Jul.jpg_0.jpg,1985,6
Jun.jpg_0.jpg,1985,6
Mar.jpg_0.jpg,1985,6
May.jpg_0.jpg,1985,6
Nov.jpg_0.jpg,1985,6
Oct.jpg_0.jpg,1985,6
Sep.jpg_0.jpg,1985,6
Apr.jpg_0.jpg,1986,6
Aug.jpg_0.jpg,1986,6
Dec.jpg_0.jpg,1986,6
Feb.jpg_0.jpg,1986,6
Jan.jpg_0.jpg,1986,3
Jul.jpg_0.jpg,1986,6
Jun.jpg_0.jpg,1986,6
Mar.jpg_0.jpg,1986,6
May.jpg_0.jpg,1986,6
Nov.jpg_0.jpg,1986,6
Oct.jpg_0.jpg,1986,6
Sept.jpg_0.jpg,1986,6
Apr.jpg_0.jpg,1987,6
Aug.jpg_0.jpg,1987,6
Dec.jpg_0.jpg,1987,6
Feb.jpg_0.jpg,1987,3
Jan.jpg_0.jpg,1987,6
Jul.jpg_0.jpg,1987,6
Jun.jpg_0.jpg,1987,6
Mar.jpg_0.jpg,1987,6
May.jpg_0.jpg,1987,6
Nov.jpg_0.jpg,1987,6
Oct.jpg_0.jpg,1987,6
Sep.jpg_0.jpg,1987,6
Apr.jpg_0.jpg,1988,6
Aug.jpg_0.jpg,1988,6
Dec.jpg_0.jpg,1988,6
Dec.jpg_1.jpg,1988,6
Feb.jpg_0.jpg,1988,6
Jan.jpg_0.jpg,1988,6
Jul.jpg_0.jpg,1988,6
Jun.jpg_0.jpg,1988,6
Mar.jpg_0.jpg,1988,6
May.jpg_0.jpg,1988,6
Nov.jpg_0.jpg,1988,6
Oct.jpg_0.jpg,1988,3
Sep.jpg_0.jpg,1988,6
Apr.jpg_0.jpg,1989,3
Aug.jpg_0.jpg,1989,6
Dec.jpg_0.jpg,1989,6
Feb.jpg_0.jpg,1989,6
Jan.jpg_0.jpg,1989,0
Jul.jpg_0.jpg,1989,6
Jun.jpg_0.jpg,1989,6
Mar.jpg_0.jpg,1989,6
May.jpg_0.jpg,1989,6
Nov.jpg_0.jpg,1989,6
Oct.jpg_0.jpg,1989,3
Sep.jpg_0.jpg,1989,0
Apr.jpg_0.jpg,1990,6
Aug.jpg_0.jpg,1990,6
Dec.jpg_0.jpg,1990,6
Feb.jpg_0.jpg,1990,6
Jan.jpg_0.jpg,1990,6
Jul.jpg_0.jpg,1990,6
Jun.jpg_0.jpg,1990,6
Mar.jpg_0.jpg,1990,6
May.jpg_0.jpg,1990,6
Nov.jpg_0.jpg,1990,6
Oct.jpg_0.jpg,1990,6
Sep.jpg_0.jpg,1990,6
Apr.jpg_0.jpg,1991,6
Apr.jpg_1.jpg,1991,6
Apr.jpg_2.jpg,1991,6
Aug.jpg_0.jpg,1991,6
Dec.jpg_0.jpg,1991,6
Feb.jpg_0.jpg,1991,6
Jan.jpg_0.jpg,1991,6
Jan.jpg_1.jpg,1991,0
Jan.jpg_2.jpg,1991,6
Jul.jpg_0.jpg,1991,6
Jun.jpg_0.jpg,1991,6
Mar.jpg_0.jpg,1991,6
May.jpg,1991,6
Nov.jpg_0.jpg,1991,6
Oct.jpg_0.jpg,1991,6
Sep.jpg_0.jpg,1991,6
Apr.jpg,1992,6
Apr.jpg_0.jpg,1992,0
Apr.jpg_1.jpg,1992,4
Apr.jpg_2.jpg,1992,6
Apr.jpg_3.jpg,1992,4
Apr.jpg_4.jpg,1992,6
Apr.jpg_5.jpg,1992,6
Apr.jpg_6.jpg,1992,6
Apr.jpg_7.jpg,1992,6
Apr.jpg_8.jpg,1992,6
Aug.jpg_0.jpg,1992,4
Dec.jpg_0.jpg,1992,6
Feb.jpg_0.jpg,1992,6
Feb.jpg_1.jpg,1992,0
Jan.jpg_0.jpg,1992,6
Jul.jpg_0.jpg,1992,6
Jun.jpg_0.jpg,1992,6
Mar.jpg_0.jpg,1992,6
May.jpg_0.jpg,1992,6
Nov.jpg_0.jpg,1992,6
Nov.jpg_1.jpg,1992,6
Oct.jpg_0.jpg,1992,6
Sep.jpg_0.jpg,1992,6
Apr.jpg_0.jpg,1993,3
Apr.jpg_1.jpg,1993,0
Apr.jpg_2.jpg,1993,6
Apr.jpg_3.jpg,1993,6
Apr.jpg_4.jpg,1993,6
Aug.jpg_0.jpg,1993,6
Dec.jpg_0.jpg,1993,6
Feb.jpg_0.jpg,1993,6
Jan.jpg_0.jpg,1993,6
Jan.jpg_1.jpg,1993,3
Jan.jpg_10.jpg,1993,3
Jan.jpg_11.jpg,1993,6
Jan.jpg_12.jpg,1993,6
Jan.jpg_13.jpg,1993,6
Jan.jpg_14.jpg,1993,6
Jan.jpg_15.jpg,1993,6
Jan.jpg_2.jpg,1993,6
Jan.jpg_3.jpg,1993,0
Jan.jpg_4.jpg,1993,4
Jan.jpg_5.jpg,1993,6
Jan.jpg_6.jpg,1993,6
Jan.jpg_7.jpg,1993,3
Jan.jpg_8.jpg,1993,6
Jan.jpg_9.jpg,1993,6
Jul.jpg_0.jpg,1993,6
Jun.jpg_0.jpg,1993,0
Mar.jpg_0.jpg,1993,6
May.jpg_0.jpg,1993,6
Nov.jpg_0.jpg,1993,6
Oct.jpg_0.jpg,1993,6
Sep.jpg_0.jpg,1993,6
Apr.jpg_0.jpg,1994,6
Apr.jpg_1.jpg,1994,6
Apr.jpg_2.jpg,1994,6
Aug.jpg_0.jpg,1994,6
Dec.jpg_0.jpg,1994,6
Feb.jpg_0.jpg,1994,6
Jan.jpg_0.jpg,1994,6
Jul.jpg_0.jpg,1994,6
Jun.jpg_0.jpg,1994,6
Mar.jpg_0.jpg,1994,6
May.jpg_0.jpg,1994,6
Nov.jpg_0.jpg,1994,6
Oct.jpg_0.jpg,1994,6
Sep.jpg_0.jpg,1994,6
Apr.jpg_0.jpg,1995,6
Aug.jpg_0.jpg,1995,6
Dec.jpg_0.jpg,1995,6
Feb.jpg_0.jpg,1995,6
Jan.jpg_0.jpg,1995,6
Jul.jpg_0.jpg,1995,6
June.jpg_0.jpg,1995,6
Mar.jpg_0.jpg,1995,6
May.jpg_0.jpg,1995,6
Nov.jpg_0.jpg,1995,6
Oct.jpg_0.jpg,1995,6
Sep.jpg_0.jpg,1995,6
Sep.jpg_1.jpg,1995,6
Apr.jpg_0.jpg,1996,6
Aug.jpg_0.jpg,1996,6
Dec.jpg_0.jpg,1996,6
Feb.jpg_0.jpg,1996,6
Jan.jpg_0.jpg,1996,6
Jul.jpg_0.jpg,1996,6
Jun.jpg_0.jpg,1996,6
Mar.jpg_0.jpg,1996,6
May.jpg_0.jpg,1996,6
Nov.jpg_0.jpg,1996,6
Oct.jpg_0.jpg,1996,6
Sep.jpg_0.jpg,1996,6
Sep.jpg_1.jpg,1996,6
Apr.jpg_0.jpg,1997,6
Apr.jpg_1.jpg,1997,6
Apr.jpg_2.jpg,1997,6
Aug.jpg_0.jpg,1997,6
Dec.jpg_0.jpg,1997,6
Dec.jpg_1.jpg,1997,6
Feb.jpg_0.jpg,1997,6
Jan.jpg_0.jpg,1997,6
Jul.jpg_0.jpg,1997,0
Jun.jpg_0.jpg,1997,6
Mar.jpg_0.jpg,1997,6
Mar.jpg_1.jpg,1997,6
May.jpg_0.jpg,1997,6
Nov.jpg_0.jpg,1997,6
Oct.jpg_0.jpg,1997,6
Sep.jpg_0.jpg,1997,6
Apr.jpg_0.jpg,1998,6
Aug.jpg_0.jpg,1998,6
Dec.jpg_0.jpg,1998,6
Feb.jpg_0.jpg,1998,6
Jan.jpg_0.jpg,1998,3
Jan.jpg_1.jpg,1998,6
Jan.jpg_2.jpg,1998,6
Jan.jpg_3.jpg,1998,6
Jan.jpg_4.jpg,1998,6
Jul.jpg_0.jpg,1998,6
Jun.jpg_0.jpg,1998,6
Mar.jpg_0.jpg,1998,6
Mar.jpg_1.jpg,1998,6
May.jpg_0.jpg,1998,6
Nov.jpg_0.jpg,1998,6
Oct.jpg_0.jpg,1998,0
Sep.jpg_0.jpg,1998,6
Apr.jpg_0.jpg,1999,6
Apr.jpg_1.jpg,1999,6
Aug.jpg_0.jpg,1999,6
Dec.jpg_0.jpg,1999,6
Feb.jpg_0.jpg,1999,6
Jan.jpg_0.jpg,1999,6
Jul.jpg_0.jpg,1999,6
Jun.jpg_0.jpg,1999,6
Mar.jpg_0.jpg,1999,6
May.jpg_0.jpg,1999,6
Nov.jpg_0.jpg,1999,6
Nov.jpg_1.jpg,1999,6
Nov.jpg_2.jpg,1999,0
Nov.jpg_3.jpg,1999,6
Oct.jpg_0.jpg,1999,6
Sep.jpg_0.jpg,1999,6
Apr.jpg_0.jpg,2000,6
Aug.jpg_0.jpg,2000,6
Dec.jpg_0.jpg,2000,6
Feb.jpg_0.jpg,2000,6
Jan.jpg_0.jpg,2000,6
Jan.jpg_1.jpg,2000,6
Jul.jpg_0.jpg,2000,6
Jun.jpg_0.jpg,2000,6
Jun.jpg_1.jpg,2000,6
Mar.jpg_0.jpg,2000,6
May.jpg_0.jpg,2000,6
Nov.jpg_0.jpg,2000,6
Nov.jpg_1.jpg,2000,6
Nov.jpg_2.jpg,2000,6
Nov.jpg_3.jpg,2000,6
Oct.jpg_0.jpg,2000,6
Sep.jpg_0.jpg,2000,6
Apr.jpg_0.jpg,2001,6
Aug.jpg_0.jpg,2001,6
Dec.jpg_0.jpg,2001,6
Feb.jpg_0.jpg,2001,6
Jan.jpg_0.jpg,2001,3
Jul.jpg_0.jpg,2001,6
Jun.jpg_0.jpg,2001,6
Mar.jpg_0.jpg,2001,6
May.jpg_0.jpg,2001,6
Nov.jpg_0.jpg,2001,6
Oct.jpg_0.jpg,2001,6
Sep.jpg_0.jpg,2001,6
Apr.jpg_0.jpg,2002,6
Aug.jpg_0.jpg,2002,6
Dec.jpg_0.jpg,2002,3
Feb.jpg_0.jpg,2002,6
Jan.jpg_0.jpg,2002,6
Jul.jpg_0.jpg,2002,6
Jul.jpg_1.jpg,2002,6
Jun.jpg_0.jpg,2002,6
Mar.jpg_0.jpg,2002,6
May.jpg_0.jpg,2002,6
Nov.jpg_0.jpg,2002,6
Nov.jpg_1.jpg,2002,6
Oct.jpg_0.jpg,2002,6
Sep.jpg_0.jpg,2002,6
Apr.jpg_0.jpg,2003,6
Aug.jpg_0.jpg,2003,6
Dec.jpg_0.jpg,2003,6
Feb.jpg_0.jpg,2003,6
Jan.jpg_0.jpg,2003,6
Jul.jpg_0.jpg,2003,6
Jun.jpg_0.jpg,2003,6
Mar.jpg_0.jpg,2003,6
May.jpg_0.jpg,2003,6
Nov.jpg_0.jpg,2003,6
Oct.jpg_0.jpg,2003,6
Sep.jpg_0.jpg,2003,6
Apr.jpg_0.jpg,2004,6
Aug.jpg_0.jpg,2004,6
Aug.jpg_1.jpg,2004,6
Aug.jpg_2.jpg,2004,6
Dec.jpg_0.jpg,2004,6
Feb.jpg_0.jpg,2004,6
Jan.jpg_0.jpg,2004,6
Jul.jpg_0.jpg,2004,6
Jun.jpg_0.jpg,2004,6
Mar.jpg_0.jpg,2004,6
May.jpg_0.jpg,2004,6
Nov.jpg_0.jpg,2004,6
Oct.jpg_0.jpg,2004,6
Sep.jpg_0.jpg,2004,6
Sep.jpg_1.jpg,2004,6
Sep.jpg_2.jpg,2004,6
Apr.jpg_0.jpg,2005,6
Aug.jpg_0.jpg,2005,6
Dec.jpg_0.jpg,2005,6
Feb.jpg_0.jpg,2005,6
Jan.jpg_0.jpg,2005,6
Jul.jpg_0.jpg,2005,6
Jun.jpg_0.jpg,2005,6
Mar.jpg_0.jpg,2005,6
May.jpg_0.jpg,2005,6
Nov.jpg_0.jpg,2005,6
oct.jpg_0.jpg,2005,6
Sep.jpg_0.jpg,2005,6
Apr.jpg_0.jpg,2006,6
Aug.jpg_0.jpg,2006,6
Dec.jpg_0.jpg,2006,6
Feb.jpg_0.jpg,2006,6
Jan.jpg_0.jpg,2006,6
Jul.jpg_0.jpg,2006,6
Jun.jpg_0.jpg,2006,6
Mar.jpg_0.jpg,2006,6
May.jpg_0.jpg,2006,6
Nov.jpg_0.jpg,2006,6
Oct.jpg_0.jpg,2006,6
Sep.jpg_0.jpg,2006,6
Apr.jpg_0.jpg,2007,6
Aug.jpg_0.jpg,2007,6
Dec.jpg_0.jpg,2007,4
Dec.jpg_1.jpg,2007,4
Dec.jpg_2.jpg,2007,6
Dec.jpg_3.jpg,2007,6
Feb.jpg_0.jpg,2007,6
Jan.jpg_0.jpg,2007,6
Jul.jpg_0.jpg,2007,6
Jun.jpg_0.jpg,2007,6
Mar.jpg_0.jpg,2007,0
May.jpg_0.jpg,2007,6
May.jpg_1.jpg,2007,6
May.jpg_2.jpg,2007,6
May.jpg_3.jpg,2007,6
May.jpg_4.jpg,2007,6
Nov.jpg_0.jpg,2007,6
Oct.jpg_0.jpg,2007,6
Sep.jpg_0.jpg,2007,6
Apr.jpg_0.jpg,2008,0
Apr.jpg_1.jpg,2008,6
Aug.jpg_0.jpg,2008,6
Dec.jpg_0.jpg,2008,6
Feb.jpg_0.jpg,2008,6
Jan.jpg_0.jpg,2008,6
Jul.jpg_0.jpg,2008,6
Jun.jpg_0.jpg,2008,6
Mar.jpg_0.jpg,2008,6
May.jpg_0.jpg,2008,6
Nov.jpg_0.jpg,2008,6
Oct.jpg_0.jpg,2008,6
Sep.jpg_0.jpg,2008,6
Apr.jpg_0.jpg,2009,0
Aug.jpg_0.jpg,2009,6
Dec.jpg_0.jpg,2009,6
Feb.jpg_0.jpg,2009,6
Jan.jpg_0.jpg,2009,6
Jul.jpg_0.jpg,2009,6
Jun.jpg_0.jpg,2009,6
Mar.jpg_0.jpg,2009,0
May.jpg_0.jpg,2009,2
May.jpg_1.jpg,2009,6
May.jpg_2.jpg,2009,6
Nov.jpg_0.jpg,2009,4
Nov.jpg_1.jpg,2009,6
Nov.jpg_2.jpg,2009,6
Nov.jpg_3.jpg,2009,6
Oct.jpg_0.jpg,2009,6
Sep.jpg_0.jpg,2009,6
Apr.jpg_0.jpg,2010,6
Aug.jpg_0.jpg,2010,6
Dec.jpg_0.jpg,2010,6
Feb.jpg_0.jpg,2010,6
Jan.jpg_0.jpg,2010,6
Jul.jpg_0.jpg,2010,6
Jun.jpg_0.jpg,2010,6
Mar.jpg_0.jpg,2010,6
May.jpg_0.jpg,2010,6
Nov.jpg_0.jpg,2010,6
Oct.jpg_0.jpg,2010,6
Sep.jpg_0.jpg,2010,3
Apr.jpg_0.jpg,2011,0
Aug.jpg_0.jpg,2011,6
Dec.jpg_0.jpg,2011,6
Feb.jpg_0.jpg,2011,6
Jan.jpg_0.jpg,2011,6
Jul.jpg_0.jpg,2011,6
Jun.jpg_0.jpg,2011,6
Mar.jpg_0.jpg,2011,6
May.jpg_0.jpg,2011,6
Nov.jpg_0.jpg,2011,6
Oct.jpg_0.jpg,2011,6
Sep.jpg_0.jpg,2011,6
Apr.jpg_0.jpg,2012,3
Aug.jpg_0.jpg,2012,6
Dec.jpg_0.jpg,2012,6
Feb.jpg_0.jpg,2012,6
Jan.jpg_0.jpg,2012,6
Jul.jpg_0.jpg,2012,6
Jun.jpg_0.jpg,2012,6
Jun.jpg_1.jpg,2012,6
Jun.jpg_2.jpg,2012,0
Mar.jpg_0.jpg,2012,6
May.jpg_0.jpg,2012,6
Nov.jpg_0.jpg,2012,0
Oct.jpg_0.jpg,2012,6
Sep.jpg_0.jpg,2012,6
Apr.jpg_0.jpg,2013,0
Aug.jpg_0.jpg,2013,6
Dec.jpg_0.jpg,2013,6
Feb.jpg_0.jpg,2013,6
Jan.jpg_0.jpg,2013,6
Jul.jpg_0.jpg,2013,6
Jun.jpg_0.jpg,2013,6
Mar.jpg_0.jpg,2013,0
May.jpg_0.jpg,2013,6
Nov.jpg_0.jpg,2013,6
Oct.jpg_0.jpg,2013,6
Sep.jpg_0.jpg,2013,6
Apr.jpg_0.jpg,2014,3
Apr.jpg_1.jpg,2014,0
Aug.jpg_0.jpg,2014,6
Dec.jpg_0.jpg,2014,6
Feb.jpg_0.jpg,2014,6
Jan.jpg_0.jpg,2014,6
Jul.jpg_0.jpg,2014,0
Jun.jpg_0.jpg,2014,6
Mar.jpg_0.jpg,2014,0
May.jpg_0.jpg,2014,6
Nov.jpg_0.jpg,2014,6
Oct.jpg_0.jpg,2014,6
Apr.jpg_0.jpg,2015,0
Aug.jpg_0.jpg,2015,6
Dec.jpg_0.jpg,2015,6
Feb.jpg_0.jpg,2015,6
Jan.jpg_0.jpg,2015,6
Jul.jpg_0.jpg,2015,6
Jun.jpg_0.jpg,2015,6
Mar.jpg_0.jpg,2015,6
Mar.jpg_1.jpg,2015,6
May.jpg_0.jpg,2015,6
Nov.jpg_0.jpg,2015,6
Oct.jpg_0.jpg,2015,0
Sep.jpg_0.jpg,2015,0
Apr.jpg_0.jpg,2016,0
Aug.jpg_0.jpg,2016,3
Aug.jpg_1.jpg,2016,6
Dec.jpg_0.jpg,2016,0
Feb.jpg_0.jpg,2016,6
Feb.jpg_1.jpg,2016,6
Jan.jpg_0.jpg,2016,6
JUl.jpg_0.jpg,2016,6
Jun.jpg_0.jpg,2016,6
Mar.jpg_0.jpg,2016,6
May.jpg_0.jpg,2016,6
Nov.jpg_0.jpg,2016,6
Oct.jpg_0.jpg,2016,0
Sep.jpg_0.jpg,2016,6
Apr.jpg_0.jpg,2017,3
Aug.jpg_0.jpg,2017,4
Aug.jpg_1.jpg,2017,6
Dec.jpg_0.jpg,2017,2
Dec.jpg_1.jpg,2017,0
Feb.jpg_0.jpg,2017,6
Jan.jpg_0.jpg,2017,2
Jul.jpg_0.jpg,2017,1
Jun.jpg_0.jpg,2017,6
Mar.jpg_0.jpg,2017,2
Mar.jpg_1.jpg,2017,3
Mar.jpg_2.jpg,2017,6
Mar.jpg_3.jpg,2017,6
Mar.jpg_4.jpg,2017,6
Mar.jpg_5.jpg,2017,6
Mar.jpg_6.jpg,2017,1
May.jpg_0.jpg,2017,6
Nov.jpg_0.jpg,2017,6
Oct.jpg_0.jpg,2017,6
Sep.jpg_0.jpg,2017,6
Apr.jpg_0.jpg,2018,6
Aug.jpg_0.jpg,2018,6
Dec.jpg_0.jpg,2018,6
Feb.jpg_0.jpg,2018,0
Feb.jpg_1.jpg,2018,3
Jan.jpg_0.jpg,2018,0
Jul.jpg_0.jpg,2018,6
Jun.jpg_0.jpg,2018,0
Mar.jpg_0.jpg,2018,6
May.jpg_0.jpg,2018,4
Nov.jpg_0.jpg,2018,6
Oct.jpg_0.jpg,2018,6
Sep_1.jpg_0.jpg,2018,0
Sep_2.jpg_0.jpg,2018,0
Apr.jpg_0.jpg,2019,0
Apr.jpg_1.jpg,2019,6
Apr.jpg_2.jpg,2019,1
Apr.jpg_3.jpg,2019,6
Aug.jpg_0.jpg,2019,3
Dec.jpg_0.jpg,2019,6
Feb.jpg_0.jpg,2019,6
Jan.jpg_0.jpg,2019,2
Jul.jpg_0.jpg,2019,6
Jun.jpg_0.jpg,2019,3
Mar.jpg_0.jpg,2019,6
Mar.jpg_1.jpg,2019,6
May.jpg_0.jpg,2019,3
Nov.jpg_0.jpg,2019,0
Oct.jpg_0.jpg,2019,6
Sep_1.jpg_0.jpg,2019,6
Sep_2.jpg_0.jpg,2019,6
Apr.jpg_0.jpg,2020,2
Apr.jpg_1.jpg,2020,0
Apr.jpg_2.jpg,2020,6
Aug.jpg_0.jpg,2020,0
Dec.jpg_0.jpg,2020,6
Feb.jpg_0.jpg,2020,6
Jan.jpg_0.jpg,2020,6
Mar_1.jpg_0.jpg,2020,6
Mar_2.jpg_0.jpg,2020,6
Mar_3.jpg_0.jpg,2020,6
May.jpg_0.jpg,2020,6
Nov.jpg_0.jpg,2020,0
Oct.jpg_0.jpg,2020,5
Sep_1.jpg,2020,0
sep_2.jpg_0.jpg,2020,2
Apr.jpg_0.jpg,2021,3
Aug.jpg_0.jpg,2021,6
Dec.jpg_0.jpg,2021,6
Feb.jpg_0.jpg,2021,3
Jan.jpg_0.jpg,2021,0
Jun_Jul.jpg_0.jpg,2021,6
Mar.jpg_0.jpg,2021,6
May.jpg_0.jpg,2021,0
Nov.jpg_0.jpg,2021,6
Oct.jpg_0.jpg,2021,6
Sep.jpg_0.jpg,2021,6
Sep.jpg_1.jpg,2021,0
Sep.jpg_2.jpg,2021,6
Sep.jpg_3.jpg,2021,0
Apr.jpg_0.jpg,2022,6
Aug.jpg_0.jpg,2022,6
Dec.jpg_0.jpg,2022,6
Feb.jpg_0.jpg,2022,1
Jan.jpg_0.jpg,2022,6
Jun_Jul.jpg_0.jpg,2022,6
Mar.jpg_0.jpg,2022,3
May.jpg_0.jpg,2022,0
Nov.jpg_0.jpg,2022,0
Oct.jpg_0.jpg,2022,6
Sep.jpg_0.jpg,2022,0
Apr.jpg_0.jpg,2023,6
Aug.jpg_0.jpg,2023,6
Feb_winter.jpg_0.jpg,2023,6
Jun_summer.jpg_0.jpg,2023,6
Mar.jpg_0.jpg,2023,0
May.jpg_0.jpg,2023,6
May.jpg_1.jpg,2023,0
May.jpg_2.jpg,2023,3
May.jpg_3.jpg,2023,0
May.jpg_4.jpg,2023,6
May.jpg_5.jpg,2023,0
May.jpg_6.jpg,2023,6
May.jpg_7.jpg,2023,4
May.jpg_8.jpg,2023,1
May.jpg_9.jpg,2023,1